method,seed,round,budget,hypervolume,igd,n_nondominated,objective_spacing,archive_input_diversity,last_batch_diversity
random,0,0,24,0.24892,0.2974996019805351,12,0.1997783292683372,0.4920763373664329,
random,0,1,36,0.27284,0.25516521650759694,18,0.17492863724048027,0.48164348832289944,0.4846564564663085
random,0,2,48,0.27889,0.2357581453205688,22,0.17213499265635415,0.49455434202047877,0.49772712336209257
random,0,3,60,0.28189,0.2313055351373428,25,0.16217303896586077,0.4868098316276893,0.513094961644909
random,0,4,72,0.28311,0.22643947175429227,31,0.1436429314458635,0.47637049523473146,0.4939185972559896
random,0,5,84,0.31856,0.20866195395347029,31,0.13583813170924425,0.47299328839976895,0.5182048645308586
random,0,6,96,0.32274,0.2000930377184063,29,0.13679328412388111,0.4532160477244431,0.469389949855628
random,1,0,24,0.10398,0.33586966974103377,14,0.07035696082858457,0.44225031020119293,
random,1,1,36,0.11915,0.308264243482143,18,0.08277154587992773,0.4470591492158945,0.440723558018546
random,1,2,48,0.14309,0.26113748088731664,19,0.15941570654356962,0.4484764395783787,0.4630301895757831
random,1,3,60,0.15069,0.2608215477922601,21,0.1481035381919731,0.45488095219533564,0.4975140423292119
random,1,4,72,0.15453,0.24561567372754625,22,0.15265632137909435,0.45718283040872265,0.4424399201502003
random,1,5,84,0.1838,0.22021642511024409,24,0.10518785030698075,0.45632967310056843,0.515134188874257
random,1,6,96,0.2023,0.21618704104581768,23,0.12146064827982869,0.454755466112583,0.5017988220885525
random,2,0,24,0.22332,0.2483935922678904,12,0.2610351242252558,0.47198528358701053,
random,2,1,36,0.22376,0.24591211591828188,13,0.24998023020773483,0.47544098268200685,0.48122794582928075
random,2,2,48,0.24201,0.24096891744439614,17,0.20989384044897838,0.4530506855177853,0.4470442493977222
random,2,3,60,0.25949,0.22524148985500766,23,0.18697888874657922,0.42854000513348955,0.43217961373933417
random,2,4,72,0.26007,0.2217175810656465,21,0.19941261862637455,0.41748024678432444,0.4911471242499308
random,2,5,84,0.374,0.1955995851152106,27,0.16361554796609296,0.42558971538704166,0.5152744935962856
random,2,6,96,0.38078,0.17155022273051487,31,0.17578898719240033,0.43603930187684437,0.4894709824296744
random,3,0,24,0.12344,0.30553977726534287,11,0.12402363262964096,0.44854570296597546,
random,3,1,36,0.16118,0.27729502667332195,12,0.12435896595763307,0.4487690301632365,0.5121640394571769
random,3,2,48,0.17238,0.2388872839508215,18,0.15438810407011075,0.4382666414108438,0.4453828324435352
random,3,3,60,0.24285,0.22220789189880422,24,0.1213762498800377,0.44585072136694476,0.4823620922371126
random,3,4,72,0.24301,0.21966333782412265,28,0.1167154349459612,0.45090588118358554,0.47080988488782965
random,3,5,84,0.2577,0.2082580891323917,26,0.11962249000073508,0.4545992055270264,0.47417804979871875
random,3,6,96,0.26607,0.20302545588168167,28,0.12194019760611419,0.44365668681533127,0.48950494263897026
random,4,0,24,0.20096,0.24898532418946184,13,0.0843456685577105,0.4836114190940184,
random,4,1,36,0.20837,0.231253579918545,18,0.10932242260421057,0.4262365210140594,0.4167114724068818
random,4,2,48,0.209,0.2294146913313364,20,0.11499122801036407,0.4387148598903601,0.5005415774806792
random,4,3,60,0.23504,0.21196820704410904,23,0.1213130779342573,0.4475101321623233,0.486131238144075
random,4,4,72,0.24193,0.19944031583110164,25,0.1319435663607707,0.4508502631829801,0.5176022399194615
random,4,5,84,0.2434,0.20292208640864112,23,0.13513839015624254,0.4596177111700871,0.4924903660828691
random,4,6,96,0.27799,0.19288757667065606,26,0.13712268364301422,0.4452156988928638,0.4581045756343796
sobol,0,0,24,0.24892,0.2974996019805351,12,0.1997783292683372,0.4920763373664329,
sobol,0,1,36,0.30334,0.2460236419539188,14,0.22404017436674845,0.5038123974891265,0.5023164943599373
sobol,0,2,48,0.4003,0.21054039206135233,17,0.18371908553023505,0.491251925518504,0.5156719245619907
sobol,0,3,60,0.40501,0.19601912824542242,22,0.15900129428131102,0.4656459363678464,0.49820864480605004
sobol,0,4,72,0.40949,0.18621777881754983,25,0.16678075545974505,0.45753892274857927,0.5073609415971277
sobol,0,5,84,0.4121,0.18383365392624276,28,0.15529344247768098,0.4558549815635329,0.52598672378023
sobol,0,6,96,0.42044,0.1732883893038316,28,0.14508669273217925,0.45793578454757905,0.5154562925745046
sobol,1,0,24,0.10398,0.33586966974103377,14,0.07035696082858457,0.44225031020119293,
sobol,1,1,36,0.19776,0.2816626187643661,18,0.08785798845431672,0.4569832429182866,0.5032057561823791
sobol,1,2,48,0.31362,0.23111544711497412,17,0.12286819181814883,0.4480589892810002,0.5054825608990574
sobol,1,3,60,0.32804,0.21538896098414576,23,0.12197943858170797,0.43927981875385796,0.4863700118495495
sobol,1,4,72,0.34532,0.21710638405906665,22,0.08923210029191103,0.4378280193825818,0.5214954758525275
sobol,1,5,84,0.34868,0.21162177379866465,24,0.09411605191682403,0.43515817994284395,0.5384522538007753
sobol,1,6,96,0.3984,0.18974443351328332,27,0.10415450084438742,0.43177975897351567,0.46206401080607873
sobol,2,0,24,0.22332,0.2483935922678904,12,0.2610351242252558,0.47198528358701053,
sobol,2,1,36,0.26807,0.22617358674060445,19,0.19531447689477727,0.46889718595993757,0.5101020894440562
sobol,2,2,48,0.27418,0.2204146015198354,21,0.17197198897905,0.47057499380530343,0.4943368406828512
sobol,2,3,60,0.27538,0.21482085539939996,25,0.16493608588197345,0.47139818824019497,0.5125484150582528
sobol,2,4,72,0.28182,0.2024550467217248,28,0.16350533998987268,0.468431325392463,0.5012666594355286
sobol,2,5,84,0.29615,0.1950334119939395,28,0.15807827382189427,0.4384288579950177,0.5086772285905425
sobol,2,6,96,0.29692,0.19096924419832276,29,0.15678489305592358,0.4284923031765163,0.5013776160149734
sobol,3,0,24,0.12344,0.30553977726534287,11,0.12402363262964096,0.44854570296597546,
sobol,3,1,36,0.16035,0.28587646354763707,15,0.0835297549312714,0.43973384094562823,0.5051639611225236
sobol,3,2,48,0.17062,0.2812501561437612,21,0.09567509833655896,0.4569115290855759,0.491234017690429
sobol,3,3,60,0.29978,0.23005538368792175,25,0.10746305338174597,0.45196337594375713,0.5196372315999874
sobol,3,4,72,0.31978,0.21908757719488373,25,0.11130469420395254,0.4617052808886499,0.49944848820893817
sobol,3,5,84,0.34887,0.20444770388518102,25,0.10903194664622151,0.4797947996749495,0.5222685448920938
sobol,3,6,96,0.35112,0.19488017222063336,29,0.10492144918405359,0.46972451574826574,0.5093038747541156
sobol,4,0,24,0.20096,0.24898532418946184,13,0.0843456685577105,0.4836114190940184,
sobol,4,1,36,0.29847,0.22814565644911633,17,0.10486110616848544,0.49058080735908716,0.4998766017720077
sobol,4,2,48,0.36213,0.1976934050270776,19,0.09416245495830138,0.4676534749707334,0.5269063219235939
sobol,4,3,60,0.36337,0.19347469511333862,21,0.09982446559848311,0.46571949628427484,0.49778669321907965
sobol,4,4,72,0.3652,0.18247218502515036,25,0.09960187783207455,0.4570120152254386,0.5000568576522202
sobol,4,5,84,0.37643,0.16905019343442632,29,0.09884854345629478,0.4509861124675084,0.5072189999091781
sobol,4,6,96,0.38324,0.16994980938171148,27,0.10861214508671278,0.43275475642381567,0.4924047849243469
scalarisation,0,0,24,0.24892,0.2974996019805351,12,0.1997783292683372,0.4920763373664329,
scalarisation,0,1,36,0.37646,0.2351450658623874,16,0.11874043788430849,0.4973252167809226,0.46056233609801744
scalarisation,0,2,48,0.42954,0.2161781930872725,22,0.145523199446936,0.48839157775853254,0.5201255102325173
scalarisation,0,3,60,0.4712,0.18822413361982812,23,0.15216507518228556,0.4717195353349375,0.5013997163047716
scalarisation,0,4,72,0.47307,0.18429661129175878,23,0.10543475810733051,0.44696654029899074,0.5273865611828783
scalarisation,0,5,84,0.47577,0.17484003286833097,28,0.14226774823567784,0.45085711914777654,0.5519293472706744
scalarisation,0,6,96,0.48574,0.16730847899208026,32,0.13901228557904804,0.4257752504560342,0.5002925202918155
scalarisation,1,0,24,0.10398,0.33586966974103377,14,0.07035696082858457,0.44225031020119293,
scalarisation,1,1,36,0.33672,0.24909193189633805,14,0.056341842343606424,0.43476082982622083,0.4416319502726236
scalarisation,1,2,48,0.43607,0.20454381352915674,19,0.09177624476785567,0.3983157455395301,0.4748340687978388
scalarisation,1,3,60,0.44262,0.2017096470356647,23,0.10130897724989847,0.3795337436044697,0.42697881489014367
scalarisation,1,4,72,0.47203,0.19824631279993643,25,0.08540847579726445,0.3650182539385379,0.37541452426955124
scalarisation,1,5,84,0.48541,0.18258178471997175,34,0.09578260626523828,0.3798579879245606,0.42118881171586253
scalarisation,1,6,96,0.49034,0.17432343019738739,39,0.1233425353432465,0.3800216727773399,0.4910691484518201
scalarisation,2,0,24,0.22332,0.2483935922678904,12,0.2610351242252558,0.47198528358701053,
scalarisation,2,1,36,0.37168,0.21686609194975429,15,0.20186110621464645,0.4496165411213549,0.4980852205818205
scalarisation,2,2,48,0.40477,0.20986197141629878,17,0.19175386753799023,0.42666778462429716,0.38145158483605984
scalarisation,2,3,60,0.44145,0.19373090159433684,21,0.17547707131063917,0.43076722859459454,0.5166253179142348
scalarisation,2,4,72,0.44767,0.18756495141650167,26,0.1611553026302206,0.4264243732636699,0.5521973730467538
scalarisation,2,5,84,0.44798,0.18624662866215838,29,0.16084721879020727,0.4214292866966242,0.5421413980669113
scalarisation,2,6,96,0.45929,0.17529090588551713,34,0.15196595324212067,0.4074446305895966,0.46861274414800086
scalarisation,3,0,24,0.12344,0.30553977726534287,11,0.12402363262964096,0.44854570296597546,
scalarisation,3,1,36,0.27884,0.23903971351467593,13,0.16471004450181867,0.4273079585236405,0.432688627488502
scalarisation,3,2,48,0.3407,0.23103765837360157,16,0.10896372229072915,0.436069685895781,0.4210809404381086
scalarisation,3,3,60,0.35736,0.20209232174742964,23,0.08555296160799246,0.4511098796301396,0.4847615496081781
scalarisation,3,4,72,0.37298,0.18721885299896857,30,0.11019440609271428,0.42383476816525323,0.38421133496022586
scalarisation,3,5,84,0.37365,0.1880618737209892,31,0.1054068660637581,0.40954677782865473,0.550129736750792
scalarisation,3,6,96,0.41017,0.18567239594375917,35,0.05801271403347753,0.4056642346833317,0.5475995304429048
scalarisation,4,0,24,0.20096,0.24898532418946184,13,0.0843456685577105,0.4836114190940184,
scalarisation,4,1,36,0.38668,0.21334799758006387,17,0.1261430693286879,0.4375815417416553,0.42430436614357525
scalarisation,4,2,48,0.40328,0.18543254961560848,27,0.10227280531838048,0.4185077910506761,0.3215810452068053
scalarisation,4,3,60,0.42141,0.1884789831583543,30,0.10437580868710242,0.38397813067060244,0.397255406509411
scalarisation,4,4,72,0.42999,0.18288943634468513,35,0.09710025301812644,0.3558340803932107,0.3423808657921143
scalarisation,4,5,84,0.44581,0.17524499130721818,42,0.07784504982140189,0.383619893396012,0.5127070292265927
scalarisation,4,6,96,0.4601,0.17169352423828227,46,0.06556651484936674,0.37038002558419625,0.47409720993043236
categorical_reward,0,0,24,0.24892,0.2974996019805351,12,0.1997783292683372,0.4920763373664329,
categorical_reward,0,1,36,0.25039,0.2894477969551351,16,0.19459186182059324,0.4827958066122066,0.2819459857679343
categorical_reward,0,2,48,0.26088,0.2694758125885803,12,0.19717252482623254,0.4891584454705345,0.28906038699795494
categorical_reward,0,3,60,0.44961,0.19757133586908743,18,0.13241213989546063,0.42277993796558616,0.32539966472222465
categorical_reward,0,4,72,0.47148,0.17493855466014221,25,0.14083808918079457,0.38125076398730084,0.3019136122853823
categorical_reward,0,5,84,0.47538,0.16528937355533016,32,0.13482701030747957,0.37847180413194964,0.37768064690932157
categorical_reward,0,6,96,0.47702,0.1608020761935279,38,0.12296610501300495,0.36813782843160575,0.42443242065151326
categorical_reward,1,0,24,0.10398,0.33586966974103377,14,0.07035696082858457,0.44225031020119293,
categorical_reward,1,1,36,0.34422,0.2507673023362515,16,0.11787605185833884,0.40156239236460584,0.3251845227782314
categorical_reward,1,2,48,0.37134,0.21292365706282163,21,0.08718393428397186,0.3610402723699494,0.2858226435161821
categorical_reward,1,3,60,0.38901,0.18893130310203918,25,0.13460691393661864,0.3489589928739764,0.3179625436720685
categorical_reward,1,4,72,0.41492,0.17221231049719105,34,0.09711884230437023,0.3480057244144747,0.344979102835424
categorical_reward,1,5,84,0.41669,0.16507882152754644,43,0.09586324002218027,0.34665944047823166,0.34385075526802034
categorical_reward,1,6,96,0.43392,0.16206744518352445,44,0.10763654068345198,0.3507648124706658,0.29368702466392127
categorical_reward,2,0,24,0.22332,0.2483935922678904,12,0.2610351242252558,0.47198528358701053,
categorical_reward,2,1,36,0.30408,0.22435352054756355,18,0.23334437583937068,0.4242177186528951,0.36575627926503845
categorical_reward,2,2,48,0.32797,0.212517541983094,18,0.1936982593778921,0.3830603883403408,0.323205523629883
categorical_reward,2,3,60,0.36049,0.20559021341354666,22,0.18463347316678905,0.36070440719961183,0.38050348851074794
categorical_reward,2,4,72,0.36385,0.19543499904555608,29,0.16640558618414172,0.36570070103041125,0.3766875441693639
categorical_reward,2,5,84,0.36386,0.19322629044168768,31,0.1628573996907786,0.3576069191710387,0.3628566010098702
categorical_reward,2,6,96,0.36972,0.19253148061752015,32,0.1602301282823049,0.35443044052654915,0.38168264064521146
categorical_reward,3,0,24,0.12344,0.30553977726534287,11,0.12402363262964096,0.44854570296597546,
categorical_reward,3,1,36,0.26138,0.22720400794781045,18,0.14046377842354843,0.4366799676680643,0.37352166622089616
categorical_reward,3,2,48,0.27924,0.22015315080336487,20,0.1444542848125527,0.40423768730997955,0.3036411382408367
categorical_reward,3,3,60,0.28862,0.20693135563525059,27,0.1204869568709157,0.3758064665017465,0.36550938612938644
categorical_reward,3,4,72,0.2925,0.20096584766627443,33,0.11236812709530726,0.35647594638269364,0.28188994435756815
categorical_reward,3,5,84,0.32036,0.21028119432825454,35,0.07221674346906483,0.3339452163049584,0.3178484823651728
categorical_reward,3,6,96,0.33759,0.19806452643700176,41,0.0703547779561778,0.32375270786493876,0.285679117798311
categorical_reward,4,0,24,0.20096,0.24898532418946184,13,0.0843456685577105,0.4836114190940184,
categorical_reward,4,1,36,0.38493,0.23750485930459161,15,0.13914066165626848,0.4119028214980349,0.3510652013596572
categorical_reward,4,2,48,0.40253,0.20635158856708954,22,0.10075261567041849,0.3794425455754995,0.3177008671277707
categorical_reward,4,3,60,0.43014,0.1957062758950195,27,0.09666378585191124,0.3574857745319296,0.32152126667416725
categorical_reward,4,4,72,0.4311,0.1890296173441682,33,0.0924323543182113,0.3547954248366586,0.29273999495482433
categorical_reward,4,5,84,0.4324,0.18705370518323336,37,0.0935978052445838,0.34785086093004886,0.31559255460663227
categorical_reward,4,6,96,0.43315,0.18126628213628196,42,0.08674311132192254,0.3534797144341637,0.39036625870845665
nsga2_surrogate,0,0,24,0.24892,0.2974996019805351,12,0.1997783292683372,0.4920763373664329,
nsga2_surrogate,0,1,36,0.26895,0.24327670212803593,14,0.19491205716822843,0.5357462678377957,0.6051798256922812
nsga2_surrogate,0,2,48,0.41071,0.21816282199332968,18,0.22467656416476178,0.5463044178091493,0.5902256353984
nsga2_surrogate,0,3,60,0.44975,0.2028297022589086,22,0.17983832674157862,0.5359850424875239,0.5900109199353728
nsga2_surrogate,0,4,72,0.51408,0.16492124740792258,28,0.13995438733776414,0.5377710726009798,0.593933878809797
nsga2_surrogate,0,5,84,0.52357,0.15314687791542822,33,0.13976204385386704,0.5359556970621345,0.6083435655074197
nsga2_surrogate,0,6,96,0.54652,0.15072759312423156,35,0.15149621066561922,0.5317695637007611,0.5848850687034772
nsga2_surrogate,1,0,24,0.10398,0.33586966974103377,14,0.07035696082858457,0.44225031020119293,
nsga2_surrogate,1,1,36,0.29026,0.2541435718379797,19,0.09647256685230902,0.4908043562270553,0.5784681526856551
nsga2_surrogate,1,2,48,0.31901,0.2172268146690312,23,0.11206427949803859,0.49354252339049925,0.5931814545730241
nsga2_surrogate,1,3,60,0.38398,0.18668730293411698,26,0.1269903733855258,0.5132677424479725,0.6109987119152915
nsga2_surrogate,1,4,72,0.4817,0.17251429850719344,30,0.11475826061229241,0.5108775256048336,0.5620643649806667
nsga2_surrogate,1,5,84,0.52972,0.16453458075093325,34,0.10978865563920685,0.5073171990518516,0.6124510961048022
nsga2_surrogate,1,6,96,0.53227,0.16512072487287302,35,0.1097553108355488,0.5127018691412207,0.607625840125454
nsga2_surrogate,2,0,24,0.22332,0.2483935922678904,12,0.2610351242252558,0.47198528358701053,
nsga2_surrogate,2,1,36,0.36366,0.21620513197243604,16,0.24191908932922404,0.48359681793810316,0.546670050837343
nsga2_surrogate,2,2,48,0.49657,0.1970001938676394,18,0.12652795304380868,0.46039452021341926,0.5537328110493241
nsga2_surrogate,2,3,60,0.53932,0.1772378060047381,24,0.10966162059489054,0.4487695314828942,0.4855651974249921
nsga2_surrogate,2,4,72,0.56675,0.17595340855674627,27,0.09993496021252746,0.4399582849830846,0.5184123660097432
nsga2_surrogate,2,5,84,0.57842,0.17494166059582347,29,0.10608971949589989,0.43750491945064457,0.5237192310084725
nsga2_surrogate,2,6,96,0.58206,0.16159927330465393,32,0.1196174977940455,0.44540541232338976,0.5619870198263424
nsga2_surrogate,3,0,24,0.12344,0.30553977726534287,11,0.12402363262964096,0.44854570296597546,
nsga2_surrogate,3,1,36,0.36145,0.25452402987334766,14,0.18263259280104677,0.4825788458639351,0.5757060515590476
nsga2_surrogate,3,2,48,0.37219,0.22525225845556235,19,0.1707621322393623,0.5058020848895176,0.6019879115443993
nsga2_surrogate,3,3,60,0.37938,0.22958985263559592,23,0.14098748822063045,0.5078867210619169,0.5735354148165182
nsga2_surrogate,3,4,72,0.40001,0.21637562677607358,28,0.13608887296363079,0.5174422691049072,0.5920434756290394
nsga2_surrogate,3,5,84,0.46404,0.19799235037192792,28,0.13702121039025736,0.5084235919403797,0.5925718952595056
nsga2_surrogate,3,6,96,0.49462,0.19004844449146907,31,0.1403230971533438,0.5090267065967108,0.5568225844216501
nsga2_surrogate,4,0,24,0.20096,0.24898532418946184,13,0.0843456685577105,0.4836114190940184,
nsga2_surrogate,4,1,36,0.2499,0.2270690994899213,16,0.15315828033510404,0.498780383592131,0.6257802018127189
nsga2_surrogate,4,2,48,0.32242,0.21708052179969134,18,0.18278812483981394,0.5192863678527767,0.6125960777353371
nsga2_surrogate,4,3,60,0.40479,0.18862445853795648,24,0.17085186577496717,0.5329663198938942,0.6092265598666883
nsga2_surrogate,4,4,72,0.42868,0.17070797062598161,28,0.16836071992677187,0.5336261203688852,0.6248049156022323
nsga2_surrogate,4,5,84,0.42901,0.169356240715376,29,0.16720506662085352,0.538092465182035,0.6261623121166539
nsga2_surrogate,4,6,96,0.44317,0.1520573888007127,32,0.16793155327228051,0.5188817066410655,0.5244150681164225
gflownet_pareto,0,0,24,0.24892,0.2974996019805351,12,0.1997783292683372,0.4920763373664329,
gflownet_pareto,0,1,36,0.25321,0.2742038341316639,16,0.18818115142017866,0.4722073080607062,0.3262077251975469
gflownet_pareto,0,2,48,0.25413,0.27448071342937586,16,0.19977511429228517,0.47310792152245146,0.3144875430814348
gflownet_pareto,0,3,60,0.36286,0.205323460684315,20,0.1586411661656254,0.43248445376487965,0.37834256043397785
gflownet_pareto,0,4,72,0.40471,0.19074662735514158,26,0.1167225473076912,0.3905699500404167,0.343530230353177
gflownet_pareto,0,5,84,0.42114,0.18114353319334436,31,0.10899815777756754,0.40079400582899755,0.45087308141095356
gflownet_pareto,0,6,96,0.43417,0.17801142077251397,35,0.10047861151543273,0.3988326514732585,0.42049390863990643
gflownet_pareto,1,0,24,0.10398,0.33586966974103377,14,0.07035696082858457,0.44225031020119293,
gflownet_pareto,1,1,36,0.34031,0.22856658194483506,16,0.1698035520673041,0.3866521111340561,0.2927898827228688
gflownet_pareto,1,2,48,0.39804,0.19859253280250155,23,0.1075171729302857,0.34272377222137335,0.29710247086090674
gflownet_pareto,1,3,60,0.39852,0.19172644126276503,30,0.09633093031069585,0.3564610623665454,0.35341235444942715
gflownet_pareto,1,4,72,0.41307,0.1745477987067636,34,0.07006090716998833,0.3640610839126044,0.32165037491334925
gflownet_pareto,1,5,84,0.41439,0.1639747908030974,41,0.10041836170132187,0.370102538645782,0.3789815494044309
gflownet_pareto,1,6,96,0.41601,0.15964375112805382,46,0.07595620224914139,0.36967631942679813,0.33028608664576864
gflownet_pareto,2,0,24,0.22332,0.2483935922678904,12,0.2610351242252558,0.47198528358701053,
gflownet_pareto,2,1,36,0.35231,0.21717287845227373,20,0.22453251058784668,0.4376276173474957,0.38914172661477814
gflownet_pareto,2,2,48,0.37414,0.20852301892169478,24,0.20980136928741122,0.3879623013144174,0.2310830863467557
gflownet_pareto,2,3,60,0.405,0.19435268534943337,28,0.1598447181813538,0.37541198344403326,0.3393094355998618
gflownet_pareto,2,4,72,0.40605,0.1943882312536705,31,0.15803758756687283,0.3647911462431991,0.37064359276816816
gflownet_pareto,2,5,84,0.41652,0.18629381871301112,38,0.1511533428137404,0.360018082417008,0.34707010680208555
gflownet_pareto,2,6,96,0.43938,0.17422693656366287,44,0.13953852136636308,0.3557578573854308,0.29856035177172235
gflownet_pareto,3,0,24,0.12344,0.30553977726534287,11,0.12402363262964096,0.44854570296597546,
gflownet_pareto,3,1,36,0.2478,0.2543150082418691,15,0.1231473944558666,0.4365066355369123,0.3351544561670933
gflownet_pareto,3,2,48,0.25426,0.24770018853690834,21,0.12775400245480145,0.3704557199568616,0.29608130870279814
gflownet_pareto,3,3,60,0.2717,0.23803641437939546,24,0.09371930129455219,0.3257888509737819,0.30651698538026556
gflownet_pareto,3,4,72,0.27536,0.245923038075421,28,0.047377422358402796,0.3159518636345008,0.2552442045919488
gflownet_pareto,3,5,84,0.38458,0.1962207501028811,34,0.08702516812118476,0.31938895192257016,0.2801646001575008
gflownet_pareto,3,6,96,0.38679,0.19380666514962538,40,0.08335733221281712,0.3173404965125106,0.3490011645754869
gflownet_pareto,4,0,24,0.20096,0.24898532418946184,13,0.0843456685577105,0.4836114190940184,
gflownet_pareto,4,1,36,0.22477,0.2268145566082862,21,0.13324957169912433,0.39267973290000174,0.30750083747469636
gflownet_pareto,4,2,48,0.30721,0.1944803519186657,27,0.1192701310128651,0.39091582486569876,0.28185964392770874
gflownet_pareto,4,3,60,0.30895,0.1920131059718955,35,0.1121370171321522,0.36713561870230715,0.2794034935793528
gflownet_pareto,4,4,72,0.31674,0.19368640951348673,42,0.09630427356187256,0.35248801778016414,0.29291683343278463
gflownet_pareto,4,5,84,0.31857,0.1870165419422394,44,0.08547764393036937,0.3522560025394858,0.33088239352047816
gflownet_pareto,4,6,96,0.33069,0.18359391962748725,43,0.08434529005275586,0.34644912626118146,0.3587970787830979
gfn_nsga2_feedback,0,0,24,0.24892,0.2974996019805351,12,0.1997783292683372,0.4920763373664329,
gfn_nsga2_feedback,0,1,36,0.36886,0.24686193143780633,17,0.16879402704859217,0.5268926600580923,0.6168599891970316
gfn_nsga2_feedback,0,2,48,0.44517,0.19261225877812696,18,0.10786166370044911,0.5108067955133454,0.5803503027963426
gfn_nsga2_feedback,0,3,60,0.47494,0.17472590191865403,23,0.12353661600924037,0.5068428607703628,0.5294195597337291
gfn_nsga2_feedback,0,4,72,0.51661,0.1640944258153473,27,0.1197753086732201,0.49223961082171974,0.5399198928714988
gfn_nsga2_feedback,0,5,84,0.54587,0.15900942117969175,31,0.1161740115627524,0.49365518350137366,0.5397946114715051
gfn_nsga2_feedback,0,6,96,0.56878,0.15295298171051377,33,0.12791090438773473,0.48559568837500494,0.5473036431239986
gfn_nsga2_feedback,1,0,24,0.10398,0.33586966974103377,14,0.07035696082858457,0.44225031020119293,
gfn_nsga2_feedback,1,1,36,0.24849,0.29013831021674746,19,0.16818790447096268,0.509765544907506,0.5836732482434119
gfn_nsga2_feedback,1,2,48,0.27751,0.27110983577683373,24,0.13751704909951304,0.5146550623829713,0.5954360585252636
gfn_nsga2_feedback,1,3,60,0.29886,0.23421021592004562,26,0.13463597992267573,0.5172481804302125,0.6023031695490609
gfn_nsga2_feedback,1,4,72,0.35815,0.21097200114930295,29,0.10977239602800475,0.5285836848027595,0.6147642399668414
gfn_nsga2_feedback,1,5,84,0.43513,0.18410043685639838,26,0.12776268450108166,0.5170935804087257,0.5825667552511844
gfn_nsga2_feedback,1,6,96,0.48553,0.17278555273691404,27,0.14931264249715107,0.5015146684278009,0.5603673256436125
gfn_nsga2_feedback,2,0,24,0.22332,0.2483935922678904,12,0.2610351242252558,0.47198528358701053,
gfn_nsga2_feedback,2,1,36,0.40333,0.21854929049717672,19,0.1563943628882432,0.511274933021994,0.5563475436304685
gfn_nsga2_feedback,2,2,48,0.45979,0.2048210701272875,19,0.14678311647162845,0.4797821564536329,0.5797142113780783
gfn_nsga2_feedback,2,3,60,0.5462,0.18468906925201922,24,0.15631801762140335,0.48488716899103784,0.5719082748310488
gfn_nsga2_feedback,2,4,72,0.55218,0.17190456464134177,28,0.1362494964914466,0.4861776416873836,0.5713845101865804
gfn_nsga2_feedback,2,5,84,0.56845,0.16242553439159046,32,0.10869688305409364,0.49656626900594864,0.6132549184905998
gfn_nsga2_feedback,2,6,96,0.57975,0.15895235619838172,35,0.1151935541120964,0.5018816343481185,0.6091573283526877
gfn_nsga2_feedback,3,0,24,0.12344,0.30553977726534287,11,0.12402363262964096,0.44854570296597546,
gfn_nsga2_feedback,3,1,36,0.17941,0.2846749371544399,14,0.2431060532792975,0.49385411497252496,0.6095403233650152
gfn_nsga2_feedback,3,2,48,0.35779,0.21727327519670486,19,0.1751094025956491,0.49523222873685546,0.5772426574245197
gfn_nsga2_feedback,3,3,60,0.36761,0.20242618439950336,23,0.1221178266598136,0.4970157436143743,0.5510772554271806
gfn_nsga2_feedback,3,4,72,0.44249,0.17840810235391671,30,0.11159395260373872,0.4907140531109447,0.5180485873593494
gfn_nsga2_feedback,3,5,84,0.45759,0.16518192356113606,35,0.11374289682321108,0.48110763235864196,0.5358536419509136
gfn_nsga2_feedback,3,6,96,0.51034,0.1628805450633162,38,0.12633147745794934,0.48005487363994465,0.5195413515380355
gfn_nsga2_feedback,4,0,24,0.20096,0.24898532418946184,13,0.0843456685577105,0.4836114190940184,
gfn_nsga2_feedback,4,1,36,0.29019,0.2337820818091082,17,0.09509515203087585,0.5056812392765638,0.6330646162085465
gfn_nsga2_feedback,4,2,48,0.34071,0.20671918128117228,19,0.10575577010661928,0.5086717811151477,0.589179902196667
gfn_nsga2_feedback,4,3,60,0.4243,0.20069660559874372,23,0.10978898143354877,0.5027525951488802,0.578799254372767
gfn_nsga2_feedback,4,4,72,0.4603,0.1918364759372495,23,0.12140291527793376,0.4944378378181288,0.5886890596921877
gfn_nsga2_feedback,4,5,84,0.4693,0.1653645004905565,27,0.13197567737828766,0.48291061953530373,0.5890147716169903
gfn_nsga2_feedback,4,6,96,0.48376,0.15756009283566175,30,0.1378555575575001,0.4915237201903363,0.5750941116918605
